{
  "yonetici": "840959742998216728",
  "moderator": "840959742998216727",
  "javascript": "842049309251338241",
  "html": "842049306089226240",
  "altyapilar": "842049312820822057",
  "besdavet": "5 INVITES ROLE ID",
  "ondavet": "10 INVITES ROLE ID",
  "onbesdavet": "15 INVITES ROLE ID",
  "yirmidavet": "20 INVITES ROLE ID",
  "bdfd": "BDFD ROLE ID",

  "sitecreator" : "840959742998216728",
  "booster": "841037563878834176",
  "sponsor": "SPONSOR ROLE ID",
  "supporter": "840959742998216726",

  "developer": "840959742976458761",
  "certified_developer": "842048807369703424",
  "bot": "841029963830394910",
  "certified_bot": "842048807369703424",
  "premium_developer": "842048405604925496",
  "premium_bot": "840959742976458756"
}